{
  "type": "minecraft:jigsaw",
  "biomes": "#voidblock:has_structure/pale_garden",
  "step": "top_layer_modification",
  "spawn_overrides": {},
  "start_pool": "voidblock:worldgen/islands/pale_garden",
  "size": 1,
  "start_height": {
    "type": "minecraft:uniform",
    "min_inclusive": {
      "absolute": 40
    },
    "max_inclusive": {
      "absolute": 38
    }
  },
  "max_distance_from_center": 80,
  "use_expansion_hack": false,
  "dimension_padding": 50,
  "liquid_settings": "ignore_waterlogging"
}